t_s,temperature.gpu,power.draw,clocks.current.graphics,clocks.current.memory,pstate,utilization.gpu,memory.used,pcie.link.gen.current,pcie.link.width.current,clocks_event_reasons.active
0.07481150000239722,58,19.99,1470,11001,P2,70,5875,5,8,0x0000000000000000
0.587814200000139,61,40.30,1470,11001,P2,100,5875,5,8,0x0000000000000004
1.0898060000035912,63,52.28,1657,11001,P2,100,5875,5,8,0x0000000000000004
1.6058708000055049,65,62.52,1882,11001,P2,100,5875,5,8,0x0000000000000004
2.1180566000111867,70,72.19,2122,11001,P2,100,5870,5,8,0x0000000000000004
2.619898999997531,68,80.11,2310,11001,P2,99,5870,5,8,0x0000000000000004
3.137151200004155,70,80.27,2332,11001,P2,100,5870,5,8,0x0000000000000004
3.6498495999985607,68,79.21,2310,11001,P2,100,5874,5,8,0x0000000000000004
4.165144300000975,70,80.22,2340,11001,P2,100,5874,5,8,0x0000000000000004
4.679595000008703,69,80.01,2317,11001,P2,100,5874,5,8,0x0000000000000004
5.194669900010922,70,80.66,2347,11001,P2,100,5874,5,8,0x0000000000000004
5.71003090000886,69,79.96,2317,11001,P2,100,5874,5,8,0x0000000000000004
6.210653900008765,70,79.98,2347,11001,P2,100,5884,5,8,0x0000000000000004
6.725431700004265,65,77.06,2317,11001,P2,89,5884,5,8,0x0000000000000004
7.225840300001437,60,50.59,1800,9001,P4,32,5885,5,8,0x0000000000000000
7.740602100006072,60,23.96,1477,9001,P4,31,5885,5,8,0x0000000000000000
8.255444800000987,60,20.17,1485,9001,P4,31,5885,5,8,0x0000000000000000
8.770261600002414,60,20.98,1507,9001,P4,30,5885,5,8,0x0000000000000000
9.270652300008805,60,20.95,1477,9001,P4,40,5885,5,8,0x0000000000000000
9.786178700000164,59,21.05,1485,9001,P4,34,5885,5,8,0x0000000000000000
10.286675100011053,59,20.85,1500,9001,P4,39,5885,5,8,0x0000000000000000
10.792355400000815,59,21.10,1485,11001,P2,32,5885,5,8,0x0000000000000000
11.295606900006533,59,20.80,1477,11001,P2,34,5885,5,8,0x0000000000000000
11.799532500008354,59,21.06,1485,11001,P2,38,5885,5,8,0x0000000000000000
12.299895100004505,59,21.10,1485,11001,P2,35,5883,5,8,0x0000000000000000
12.80115100000694,59,22.12,1485,11001,P2,34,5883,5,8,0x0000000000000000
13.315673300006893,59,20.77,1485,11001,P2,32,5883,5,8,0x0000000000000000
13.819945299997926,59,11.96,1080,9001,P4,3,5883,5,8,0x0000000000000000
14.322076099997503,58,11.95,262,9001,P4,3,5883,5,8,0x0000000000000000
14.824333299999125,58,11.74,240,9001,P4,2,5883,5,8,0x0000000000000000
15.339979299998959,58,13.58,285,11001,P2,74,5882,5,8,0x0000000000000000
15.840655699998024,59,17.27,1402,9001,P4,39,5878,5,8,0x0000000000000000
16.344701100009843,59,19.41,1395,9001,P4,34,5878,5,8,0x0000000000000000
16.845457200004603,59,20.58,1410,11001,P2,36,5878,5,8,0x0000000000000000
17.350528200011468,59,20.34,1440,11001,P2,40,5882,5,8,0x0000000000000000
17.852844499997445,59,20.90,1432,11001,P2,34,5882,5,8,0x0000000000000000
18.36658640000678,59,20.51,1402,11001,P2,41,5882,5,8,0x0000000000000000
18.880955200002063,59,20.59,1395,11001,P2,36,5882,5,8,0x0000000000000000
19.382308900007047,59,20.86,1410,9001,P4,35,5882,5,8,0x0000000000000000
19.88439420000941,59,20.66,1402,11001,P2,37,5882,5,8,0x0000000000000000
20.389356500003487,59,20.14,1387,9001,P4,41,5882,5,8,0x0000000000000000
20.889788400003454,59,19.69,1417,9001,P4,37,5882,5,8,0x0000000000000000
21.404231900000013,59,19.90,1380,9001,P4,38,5882,5,8,0x0000000000000000
21.90541020000819,59,20.49,1402,11001,P2,42,5882,5,8,0x0000000000000000
22.408298599999398,59,20.35,1395,11001,P2,38,5882,5,8,0x0000000000000000
22.909659800003283,59,20.29,1395,11001,P2,43,5882,5,8,0x0000000000000000
23.411229999997886,59,19.82,1365,9001,P4,36,5882,5,8,0x0000000000000000
23.914178500010166,59,21.36,1372,9001,P4,39,5878,5,8,0x0000000000000000
24.414873700006865,59,18.69,1402,9001,P4,30,5883,5,8,0x0000000000000000
24.929980500004604,59,21.30,1432,9001,P4,40,5883,5,8,0x0000000000000000
25.445122200006153,59,20.40,1402,11001,P2,36,5885,5,8,0x0000000000000000
25.96051489999809,59,20.17,1387,9001,P4,37,5885,5,8,0x0000000000000000
26.461271300009685,59,20.60,1402,9001,P4,35,5885,5,8,0x0000000000000000
26.96728820000135,59,19.83,1380,9001,P4,38,5885,5,8,0x0000000000000000
27.47099739999976,59,20.13,1402,9001,P4,34,5885,5,8,0x0000000000000000
27.971535600008792,58,12.02,870,9001,P4,2,5885,5,8,0x0000000000000000
28.487303300003987,58,11.87,405,9001,P4,2,5885,5,8,0x0000000000000000
28.988807300003828,58,11.87,405,9001,P4,2,5885,5,8,0x0000000000000000
29.491737800010014,60,17.91,795,11001,P2,82,5885,5,8,0x0000000000000000
29.99390320001112,60,25.84,1515,11001,P2,60,5885,5,8,0x0000000000000000
30.499606600002153,61,34.57,1515,11001,P2,72,5885,5,8,0x0000000000000000
31.015460100010387,60,35.86,1515,11001,P2,67,5885,5,8,0x0000000000000000
31.52055860000837,60,34.56,1515,11001,P2,77,5883,5,8,0x0000000000000000
32.02428480000526,60,34.12,1515,11001,P2,76,5879,5,8,0x0000000000000000
32.54026470000099,60,34.85,1515,11001,P2,65,5879,5,8,0x0000000000000000
33.05693780000729,60,32.17,1515,11001,P2,56,5879,5,8,0x0000000000000000
33.57229470000311,57,20.91,367,9001,P4,1,5879,5,8,0x0000000000000000
34.0840814000112,57,11.86,367,9001,P4,1,5879,5,8,0x0000000000000000
34.58716860000277,57,11.67,367,9001,P4,6,5879,5,8,0x0000000000000000
35.09041140000045,58,21.67,1515,11001,P2,43,5879,5,8,0x0000000000000000
35.594942199997604,59,34.61,1515,11001,P2,72,5879,5,8,0x0000000000000000
36.097053300007246,59,34.90,1515,11001,P2,58,5879,5,8,0x0000000000000000
36.600964700002805,58,32.59,1515,11001,P2,45,5879,5,8,0x0000000000000000
37.10366480000084,59,30.19,1515,11001,P2,53,5879,5,8,0x0000000000000000
37.608298200007994,59,30.09,1515,11001,P2,64,5879,5,8,0x0000000000000000
38.111512200004654,57,21.21,367,11001,P2,1,5879,5,8,0x0000000000000000
38.625568700008444,56,11.98,367,9001,P4,1,5879,5,8,0x0000000000000000
39.12656900000002,56,11.66,367,9001,P4,1,5879,5,8,0x0000000000000000
39.62953080001171,57,15.25,1425,9001,P4,29,5879,5,8,0x0000000000000000
40.13071480000508,57,18.74,1455,9001,P4,32,5879,5,8,0x0000000000000000
40.633000300003914,57,19.19,1425,9001,P4,34,5880,5,8,0x0000000000000000
41.147783300009905,57,17.58,1432,11001,P2,31,5882,5,8,0x0000000000000000
41.661941500002285,57,18.30,1440,11001,P2,28,5882,5,8,0x0000000000000000
42.163730100000976,57,19.20,1447,11001,P2,31,5880,5,8,0x0000000000000000
42.679943600000115,57,17.33,1432,11001,P2,28,5880,5,8,0x0000000000000000
43.18356830000994,57,20.03,1432,11001,P2,34,5883,5,8,0x0000000000000000
43.685061800002586,57,19.10,1432,11001,P2,31,5883,5,8,0x0000000000000000
44.19932179999887,57,18.65,1447,11001,P2,27,5883,5,8,0x0000000000000000
44.699807700002566,57,18.68,1402,11001,P2,28,5883,5,8,0x0000000000000000
45.20157489999838,58,19.92,1425,11001,P2,39,5883,5,8,0x0000000000000000
45.71683550000307,58,19.34,1462,11001,P2,33,5883,5,8,0x0000000000000000
46.219639800008736,58,17.23,1470,11001,P2,35,5883,5,8,0x0000000000000000
46.73339670000132,58,18.79,1402,11001,P2,31,5878,5,8,0x0000000000000000
47.23639080001158,58,19.65,1447,11001,P2,36,5878,5,8,0x0000000000000000
47.73726080000051,58,19.52,1462,11001,P2,33,5879,5,8,0x0000000000000000
48.239798800001154,58,18.37,1395,11001,P2,28,5879,5,8,0x0000000000000000
48.75566890000482,58,18.96,1410,11001,P2,29,5879,5,8,0x0000000000000000
49.27070590000949,58,19.29,1455,11001,P2,33,5879,5,8,0x0000000000000000
49.785814800008666,58,19.07,1447,11001,P2,34,5879,5,8,0x0000000000000000
50.28723510001146,58,18.90,1410,11001,P2,30,5875,5,8,0x0000000000000000
50.802115800004685,58,19.60,1462,11001,P2,34,5875,5,8,0x0000000000000000
51.31528409999737,57,11.73,360,9001,P4,2,5874,5,8,0x0000000000000000
51.81996350000554,57,11.64,255,9001,P4,2,5870,5,8,0x0000000000000000
52.3344092000043,59,17.11,1372,11001,P2,66,5874,5,8,0x0000000000000000
52.84868650000135,59,26.38,1515,11001,P2,65,5874,5,8,0x0000000000000000
53.36260220000986,59,31.25,1515,11001,P2,64,5874,5,8,0x0000000000000000
53.86411410001165,59,31.19,1515,11001,P2,65,5874,5,8,0x0000000000000000
54.369660600001225,59,31.20,1515,11001,P2,66,5875,5,8,0x0000000000000000
54.87434639999992,59,31.19,1515,11001,P2,64,5876,5,8,0x0000000000000000
55.375244900002144,59,30.84,1515,11001,P2,51,5876,5,8,0x0000000000000000
55.878125400005956,57,22.19,405,9001,P4,3,5876,5,8,0x0000000000000000
56.39277160000347,56,13.48,427,9001,P4,3,5876,5,8,0x0000000000000000
56.90732160001062,57,11.74,442,9001,P4,36,5876,5,8,0x0000000000000000
57.40764960000524,57,17.36,1417,11001,P2,41,5876,5,8,0x0000000000000000
57.90962930000387,57,22.33,1455,11001,P2,42,5876,5,8,0x0000000000000000
58.424663199999486,57,25.34,1447,11001,P2,39,5876,5,8,0x0000000000000000
58.94048050000856,58,24.17,1432,11001,P2,48,5876,5,8,0x0000000000000000
59.455975300006685,57,22.02,1462,11001,P2,40,5876,5,8,0x0000000000000000
59.95759140000155,58,23.16,1440,11001,P2,43,5876,5,8,0x0000000000000000
60.460224000009475,58,23.64,1462,11001,P2,47,5876,5,8,0x0000000000000000
60.96409310000308,58,22.75,1425,11001,P2,39,5876,5,8,0x0000000000000000
61.46543840000231,58,23.14,1432,11001,P2,40,5876,5,8,0x0000000000000000
61.97119229999953,58,24.34,1425,11001,P2,47,5876,5,8,0x0000000000000000
62.47538920000079,58,24.62,1417,11001,P2,50,5874,5,8,0x0000000000000000
62.97759270000097,58,23.18,1425,11001,P2,42,5874,5,8,0x0000000000000000
63.47822499999893,58,24.05,1440,9001,P4,46,5874,5,8,0x0000000000000000
63.99391460001061,58,27.33,1432,9001,P4,49,5875,5,8,0x0000000000000000
64.49587290000636,58,25.04,1447,11001,P2,49,5875,5,8,0x0000000000000000
65.00119140000606,57,12.20,630,9001,P4,3,5875,5,8,0x0000000000000000
65.51770550000947,57,11.93,420,9001,P4,3,5875,5,8,0x0000000000000000
66.03225139999995,57,10.94,442,9001,P4,3,5875,5,8,0x0000000000000000
66.5464900000079,57,13.06,690,11001,P2,53,5875,5,8,0x0000000000000000
67.05080430000089,57,17.62,1447,11001,P2,34,5875,5,8,0x0000000000000000
67.55258970000432,58,22.04,1440,9001,P4,44,5875,5,8,0x0000000000000000
68.06776710000122,58,22.20,1447,9001,P4,44,5874,5,8,0x0000000000000000
68.57151860000158,58,22.17,1455,11001,P2,48,5874,5,8,0x0000000000000000
69.07328340000822,58,21.63,1440,9001,P4,47,5875,5,8,0x0000000000000000
69.58834040000511,58,21.46,1447,9001,P4,36,5875,5,8,0x0000000000000000
70.09000200001174,58,20.60,1440,9001,P4,34,5875,5,8,0x0000000000000000
70.59020130000135,58,22.77,1440,11001,P2,42,5875,5,8,0x0000000000000000
71.09227030001057,58,20.32,1447,9001,P4,38,5875,5,8,0x0000000000000000
71.59379670000635,58,21.14,1462,9001,P4,32,5875,5,8,0x0000000000000000
72.09956509999756,58,22.50,1440,9001,P4,45,5875,5,8,0x0000000000000000
72.61527140000544,58,22.56,1440,9001,P4,41,5875,5,8,0x0000000000000000
73.11760440000216,58,21.86,1440,9001,P4,43,5875,5,8,0x0000000000000000
73.62085069999739,58,19.93,1455,9001,P4,32,5875,5,8,0x0000000000000000
74.13743770000292,57,11.81,840,9001,P4,2,5875,5,8,0x0000000000000000
74.63926830000128,57,11.78,427,9001,P4,2,5875,5,8,0x0000000000000000
75.15273790000356,57,10.48,412,9001,P4,2,5876,5,8,0x0000000000000000
75.6648370000039,58,14.91,780,11001,P2,61,5877,5,8,0x0000000000000000
76.18071050000435,59,22.43,1515,11001,P2,56,5877,5,8,0x0000000000000000
76.68354810000164,59,28.94,1515,11001,P2,55,5877,5,8,0x0000000000000000
77.18644340000174,59,29.09,1515,11001,P2,57,5877,5,8,0x0000000000000000
77.68868400000792,59,28.97,1515,11001,P2,56,5875,5,8,0x0000000000000000
78.1895169000054,59,29.03,1515,11001,P2,57,5875,5,8,0x0000000000000000
78.70429890000378,59,29.23,1515,11001,P2,57,5875,5,8,0x0000000000000000
79.21850010000344,57,23.01,405,9001,P4,2,5875,5,8,0x0000000000000000
79.73406760000216,56,13.63,405,9001,P4,2,5875,5,8,0x0000000000000000
80.24604920001002,56,11.21,420,9001,P4,2,5875,5,8,0x0000000000000000
80.74939950001135,57,14.29,1222,9001,P4,29,5875,5,8,0x0000000000000000
81.26446340000257,57,18.48,1507,9001,P4,27,5875,5,8,0x0000000000000000
81.7670855000033,57,19.90,1515,9001,P4,28,5875,5,8,0x0000000000000000
82.27023880000343,58,22.70,1507,9001,P4,40,5875,5,8,0x0000000000000000
82.77302910000435,57,20.26,1515,11001,P2,27,5875,5,8,0x0000000000000000
83.28611130001082,57,20.11,1515,11001,P2,27,5875,5,8,0x0000000000000000
83.7897784000088,57,20.93,1507,11001,P2,30,5875,5,8,0x0000000000000000
84.29247939999914,58,20.57,1507,11001,P2,35,5875,5,8,0x0000000000000000
84.80679940000118,58,20.66,1507,11001,P2,27,5875,5,8,0x0000000000000000
85.31151320000936,58,21.73,1507,11001,P2,32,5875,5,8,0x0000000000000000
85.81556260000798,58,20.32,1507,11001,P2,24,5875,5,8,0x0000000000000000
86.31774730001052,58,20.75,1507,11001,P2,29,5875,5,8,0x0000000000000000
86.83057640001061,58,21.01,1507,11001,P2,31,5875,5,8,0x0000000000000000
87.33341730000393,57,11.73,517,9001,P4,1,5875,5,8,0x0000000000000000
87.83433399999922,57,11.46,255,9001,P4,2,5869,5,8,0x0000000000000000
88.33637070000987,56,11.63,262,9001,P4,2,5875,5,8,0x0000000000000000
88.8382574999996,59,19.15,1110,11001,P2,85,5876,5,8,0x0000000000000004
89.33956240001135,59,30.64,1515,11001,P2,83,5876,5,8,0x0000000000000000
89.84085930000583,60,38.39,1515,11001,P2,85,5876,5,8,0x0000000000000004
90.35595160000958,60,38.40,1515,11001,P2,82,5876,5,8,0x0000000000000004
90.87138730000879,60,38.35,1515,11001,P2,82,5876,5,8,0x0000000000000000
91.38540110000758,59,37.95,1515,11001,P2,74,5888,5,8,0x0000000000000000
91.90106030000607,60,38.06,1515,11001,P2,86,5896,5,8,0x0000000000000004
92.40254150000692,58,36.37,1515,11001,P2,18,5894,5,8,0x0000000000000000
92.91553320000821,57,23.34,435,11001,P2,3,5888,5,8,0x0000000000000000
93.43021150000277,56,12.96,412,11001,P2,4,5888,5,8,0x0000000000000000
93.93057680000493,57,13.39,465,11001,P2,90,5904,5,8,0x0000000000000000
94.43175580000388,57,16.33,1462,9001,P4,29,5904,5,8,0x0000000000000000
94.94646079999802,57,19.11,1455,9001,P4,34,5913,5,8,0x0000000000000000
95.44980430000578,57,19.63,1485,9001,P4,37,5914,5,8,0x0000000000000000
95.95314710000821,57,18.96,1477,11001,P2,32,5914,5,8,0x0000000000000000
96.46857050000108,57,18.73,1485,11001,P2,30,5921,5,8,0x0000000000000000
96.98295130000042,57,18.31,1477,11001,P2,26,5920,5,8,0x0000000000000000
97.49789220000093,57,18.36,1485,11001,P2,27,5920,5,8,0x0000000000000000
98.01329680001072,57,19.10,1455,11001,P2,33,5917,5,8,0x0000000000000000
98.51417080000101,57,19.29,1470,11001,P2,37,5917,5,8,0x0000000000000000
99.01459489999979,57,18.31,1447,11001,P2,28,5894,5,8,0x0000000000000000
99.51721200000611,57,18.80,1477,11001,P2,25,5894,5,8,0x0000000000000000
100.01958020000893,57,19.09,1470,11001,P2,34,5894,5,8,0x0000000000000000
100.52062280000246,57,19.61,1470,11001,P2,34,5894,5,8,0x0000000000000000
101.02232920000097,57,18.97,1477,11001,P2,30,5894,5,8,0x0000000000000000
101.5363931000029,57,18.73,1470,11001,P2,28,5891,5,8,0x0000000000000000
102.05209250000189,58,19.12,1470,11001,P2,30,5891,5,8,0x0000000000000000
102.55357810000714,58,19.87,1470,11001,P2,29,5887,5,8,0x0000000000000000
103.06783450000512,58,17.14,1470,11001,P2,28,5887,5,8,0x0000000000000000
103.58371140000236,58,19.00,1470,11001,P2,30,5887,5,8,0x0000000000000000
104.09932010000921,58,18.84,1485,11001,P2,32,5885,5,8,0x0000000000000000
104.60183460000553,58,18.17,1485,11001,P2,25,5885,5,8,0x0000000000000000
105.11707550000574,57,14.31,1470,11001,P2,9,5875,5,8,0x0000000000000000
105.62692130000505,57,12.99,285,9001,P4,3,5875,5,8,0x0000000000000000
106.12734800000908,57,11.86,300,9001,P4,3,5875,5,8,0x0000000000000000
106.64249640000344,57,11.29,322,9001,P4,26,5875,5,8,0x0000000000000000
107.14668460001121,57,16.39,1357,9001,P4,42,5876,5,8,0x0000000000000000
107.65030350000598,58,22.11,1440,11001,P2,43,5876,5,8,0x0000000000000000
108.15207190001092,58,21.83,1432,11001,P2,39,5876,5,8,0x0000000000000000
108.66785620000155,58,24.36,1395,11001,P2,51,5870,5,8,0x0000000000000000
109.18048809999891,58,22.24,1417,11001,P2,37,5874,5,8,0x0000000000000000
109.68239360000007,58,22.00,1417,11001,P2,41,5874,5,8,0x0000000000000000
110.1972786999977,58,23.39,1417,11001,P2,50,5874,5,8,0x0000000000000000
110.69763200001034,58,22.45,1395,9001,P4,41,5874,5,8,0x0000000000000000
111.19935180000903,58,21.70,1410,11001,P2,38,5884,5,8,0x0000000000000000
111.7021681000042,58,22.10,1402,11001,P2,42,5904,5,8,0x0000000000000000
112.20384450000711,58,22.13,1425,11001,P2,41,5906,5,8,0x0000000000000000
112.70559630000207,58,23.02,1395,11001,P2,44,5906,5,8,0x0000000000000000
113.20643080001173,58,21.48,1395,11001,P2,39,5907,5,8,0x0000000000000000
113.70703790000698,58,21.72,1395,9001,P4,38,5907,5,8,0x0000000000000000
114.22115310000663,58,21.56,1410,9001,P4,39,5898,5,8,0x0000000000000000
114.72421450000547,57,11.53,412,9001,P4,2,5898,5,8,0x0000000000000000
115.23855449999974,57,11.78,412,9001,P4,2,5898,5,8,0x0000000000000000
115.75392430000647,57,11.11,442,9001,P4,2,5898,5,8,0x0000000000000000
116.25617970000894,57,13.64,1222,11001,P2,27,5898,5,8,0x0000000000000000
116.7594783000095,58,17.16,1507,11001,P2,25,5898,5,8,0x0000000000000000
117.26090449999901,58,18.55,1492,11001,P2,25,5898,5,8,0x0000000000000000
117.7645438000036,58,17.13,1507,11001,P2,24,5898,5,8,0x0000000000000000
118.26694650000718,58,16.70,1485,11001,P2,21,5898,5,8,0x0000000000000000
118.77942299999995,58,18.63,1492,11001,P2,27,5898,5,8,0x0000000000000000
119.28124340000795,58,18.57,1500,11001,P2,25,5898,5,8,0x0000000000000000
119.78366929999902,58,18.57,1500,11001,P2,24,5898,5,8,0x0000000000000000
120.28807000000961,58,18.34,1492,11001,P2,23,5898,5,8,0x0000000000000000
120.79034210000827,58,18.41,1500,11001,P2,21,5898,5,8,0x0000000000000000
121.29241720000573,58,18.37,1500,11001,P2,23,5898,5,8,0x0000000000000000
121.79322520000278,58,17.99,1485,11001,P2,22,5898,5,8,0x0000000000000000
122.29733460000716,58,18.46,1500,11001,P2,24,5898,5,8,0x0000000000000000
122.7982267000043,58,18.29,1492,11001,P2,22,5898,5,8,0x0000000000000000
123.30448510000133,58,18.32,1485,11001,P2,21,5898,5,8,0x0000000000000000
123.8052294000081,58,18.20,1492,11001,P2,23,5895,5,8,0x0000000000000000
124.30693720000272,58,18.42,1500,11001,P2,22,5884,5,8,0x0000000000000000
124.80846420000307,58,18.90,1492,11001,P2,26,5880,5,8,0x0000000000000000
125.31510900000285,58,18.75,1492,11001,P2,22,5884,5,8,0x0000000000000000
125.81510600000911,58,20.56,1492,11001,P2,25,5884,5,8,0x0000000000000000
126.31941010001174,58,18.67,1485,11001,P2,26,5884,5,8,0x0000000000000000
126.82254620001186,58,19.92,1500,11001,P2,25,5884,5,8,0x0000000000000000
127.32351180000114,58,15.10,1492,11001,P2,10,5884,5,8,0x0000000000000000
127.83716619999905,57,11.77,277,9001,P4,2,5884,5,8,0x0000000000000000
128.3514106000075,57,11.39,255,9001,P4,16,5884,5,8,0x0000000000000000
128.86637280001014,58,20.25,1305,9001,P4,43,5884,5,8,0x0000000000000000
129.38087310000265,58,19.94,1395,11001,P2,41,5883,5,8,0x0000000000000000
129.88525279999885,58,20.02,1395,9001,P4,40,5883,5,8,0x0000000000000000
130.3904909999983,58,19.94,1395,9001,P4,43,5883,5,8,0x0000000000000000
130.89324699999997,58,18.95,1395,11001,P2,32,5883,5,8,0x0000000000000000
131.39700310000626,58,19.92,1387,9001,P4,36,5883,5,8,0x0000000000000000
131.9009714999993,58,19.29,1365,9001,P4,32,5879,5,8,0x0000000000000000
132.401646600003,58,18.27,1357,9001,P4,38,5879,5,8,0x0000000000000000
132.90766769999755,58,20.03,1387,9001,P4,40,5879,5,8,0x0000000000000000
133.40950970000995,58,19.99,1387,9001,P4,40,5879,5,8,0x0000000000000000
133.91238320000411,58,19.60,1402,11001,P2,31,5879,5,8,0x0000000000000000
134.41426630000933,58,19.16,1387,9001,P4,33,5879,5,8,0x0000000000000000
134.9174944000115,58,17.98,1357,9001,P4,33,5879,5,8,0x0000000000000000
135.4208753999992,59,20.67,1350,11001,P2,42,5879,5,8,0x0000000000000000
135.9223745000054,58,19.78,1372,9001,P4,36,5879,5,8,0x0000000000000000
136.42716839999775,58,18.85,1350,9001,P4,37,5885,5,8,0x0000000000000000
136.9335371000052,59,19.97,1357,9001,P4,46,5886,5,8,0x0000000000000000
137.4472539999988,59,19.83,1365,11001,P2,47,5886,5,8,0x0000000000000000
137.9476505000057,59,19.99,1365,9001,P4,38,5886,5,8,0x0000000000000000
138.4504076000012,59,20.06,1387,9001,P4,39,5886,5,8,0x0000000000000000
138.95427180000115,59,22.00,1365,9001,P4,37,5886,5,8,0x0000000000000000
139.45742269999755,59,18.93,1365,9001,P4,33,5886,5,8,0x0000000000000000
139.96119870000985,59,19.16,1335,9001,P4,38,5886,5,8,0x0000000000000000
140.46225500000583,59,19.62,1357,9001,P4,38,5886,5,8,0x0000000000000000
140.9654550999985,58,18.22,1350,9001,P4,14,5884,5,8,0x0000000000000000
141.47911850000673,58,11.88,390,9001,P4,3,5884,5,8,0x0000000000000000
141.98232120000466,58,9.79,412,9001,P4,3,5884,5,8,0x0000000000000000
142.48460440000053,57,9.99,285,9001,P4,10,5884,5,8,0x0000000000000000
142.989722600003,59,17.08,1515,9001,P4,57,5884,5,8,0x0000000000000000
143.49246520000452,59,24.90,1515,11001,P2,53,5884,5,8,0x0000000000000000
143.99593479999749,59,26.25,1515,11001,P2,53,5884,5,8,0x0000000000000000
144.49938350000593,59,26.54,1515,11001,P2,52,5884,5,8,0x0000000000000000
145.00156330000027,59,26.90,1515,11001,P2,49,5884,5,8,0x0000000000000000
145.5052449000068,59,27.00,1515,11001,P2,53,5884,5,8,0x0000000000000000
146.02157019999868,59,27.70,1515,11001,P2,45,5884,5,8,0x0000000000000000
146.53432980000798,57,22.80,607,9001,P4,3,5884,5,8,0x0000000000000000
147.03714919999766,57,15.40,397,9001,P4,4,5884,5,8,0x0000000000000000
147.55097340000793,56,11.74,405,9001,P4,3,5884,5,8,0x0000000000000000
148.05314750000252,58,17.97,1282,11001,P2,50,5884,5,8,0x0000000000000000
148.55534060001082,59,27.42,1515,11001,P2,73,5884,5,8,0x0000000000000000
149.05975640000543,58,32.71,1515,11001,P2,53,5884,5,8,0x0000000000000000
149.56106649999856,59,32.16,1515,11001,P2,73,5884,5,8,0x0000000000000000
150.0653786000039,59,33.34,1515,11001,P2,75,5884,5,8,0x0000000000000000
150.56913760000316,59,33.84,1515,11001,P2,72,5884,5,8,0x0000000000000000
151.08290180000768,56,24.96,390,11001,P2,3,5884,5,8,0x0000000000000000
151.59699180000462,56,16.43,397,9001,P4,2,5884,5,8,0x0000000000000000
152.11214760001167,56,11.83,405,9001,P4,2,5884,5,8,0x0000000000000000
152.62715539999772,61,23.89,1537,11001,P2,99,5884,5,8,0x0000000000000004
153.12846230001014,63,43.63,1740,11001,P2,100,5884,5,8,0x0000000000000004
153.62885940000706,66,57.76,1980,11001,P2,100,5884,5,8,0x0000000000000004
154.14141460000246,69,75.08,2227,11001,P2,100,5884,5,8,0x0000000000000004
154.65512100000342,67,79.75,2212,11001,P2,100,5884,5,8,0x0000000000000004
155.15785719999985,69,80.77,2430,11001,P2,100,5884,5,8,0x0000000000000004
155.67366090000723,68,80.27,2242,11001,P2,100,5884,5,8,0x0000000000000004
156.18878320000658,69,80.36,2415,11001,P2,100,5884,5,8,0x0000000000000004
156.7037713000027,69,79.94,2257,11001,P2,100,5884,5,8,0x0000000000000004
157.20549449999817,69,79.88,2392,11001,P2,100,5884,5,8,0x0000000000000004
157.7093154000031,69,79.96,2265,11001,P2,100,5884,5,8,0x0000000000000004
158.21220670000184,69,79.82,2385,11001,P2,100,5884,5,8,0x0000000000000004
158.71766910000588,62,69.57,1882,11001,P2,37,5884,5,8,0x0000000000000000
159.2224339000095,59,37.32,1410,9001,P4,38,5884,5,8,0x0000000000000000
159.72886519999884,59,20.03,1402,9001,P4,39,5884,5,8,0x0000000000000000
160.2296755999996,59,20.56,1417,11001,P2,36,5884,5,8,0x0000000000000000
160.73043979999784,58,16.97,1425,9001,P4,33,5885,5,8,0x0000000000000000
161.23240950000763,58,19.19,1402,11001,P2,32,5885,5,8,0x0000000000000000
161.73453410000366,58,19.60,1402,9001,P4,37,5885,5,8,0x0000000000000000
162.23989810000057,58,20.53,1402,9001,P4,42,5885,5,8,0x0000000000000000
162.74460770000587,58,20.58,1387,9001,P4,43,5885,5,8,0x0000000000000000
163.24544910000986,59,19.73,1380,11001,P2,36,5885,5,8,0x0000000000000000
163.75981740000134,59,20.52,1387,11001,P2,39,5884,5,8,0x0000000000000000
164.26225620000332,58,18.66,1365,11001,P2,28,5880,5,8,0x0000000000000000
164.76523220000672,58,19.57,1365,11001,P2,33,5880,5,8,0x0000000000000000
165.26760030000878,58,19.56,1380,11001,P2,35,5880,5,8,0x0000000000000000
165.77138469999772,58,19.58,1387,11001,P2,31,5880,5,8,0x0000000000000000
166.27465200000734,58,19.96,1402,11001,P2,37,5880,5,8,0x0000000000000000
166.7775507000042,58,19.84,1372,11001,P2,36,5880,5,8,0x0000000000000000
167.28133740001067,58,19.75,1387,11001,P2,39,5880,5,8,0x0000000000000000
167.78547570000228,58,18.85,1380,11001,P2,32,5880,5,8,0x0000000000000000
168.28794039999775,59,19.70,1387,11001,P2,35,5880,5,8,0x0000000000000000
168.79109720000997,58,18.89,1387,11001,P2,31,5880,5,8,0x0000000000000000
169.29448540000885,59,19.87,1395,11001,P2,34,5880,5,8,0x0000000000000000
169.79623900000297,59,19.98,1395,11001,P2,42,5880,5,8,0x0000000000000000
170.30011080000259,59,19.57,1395,11001,P2,34,5880,5,8,0x0000000000000000
170.8213703000074,58,19.70,1410,11001,P2,24,5883,5,8,0x0000000000000000
171.32859489999828,58,11.73,285,9001,P4,2,5884,5,8,0x0000000000000000
171.842596100003,57,12.01,300,9001,P4,2,5884,5,8,0x0000000000000000
172.34448350001185,58,17.39,1327,11001,P2,42,5884,5,8,0x0000000000000000
172.8465653000021,59,23.64,1462,11001,P2,44,5884,5,8,0x0000000000000000
173.36165600000822,58,19.96,1432,11001,P2,36,5884,5,8,0x0000000000000000
173.8634185999981,59,14.98,1440,11001,P2,37,5884,5,8,0x0000000000000000
174.36531190000824,59,23.01,1432,11001,P2,42,5884,5,8,0x0000000000000000
174.86742780001077,58,22.80,1425,11001,P2,33,5884,5,8,0x0000000000000000
175.36975090000487,59,22.75,1432,11001,P2,48,5884,5,8,0x0000000000000000
175.87349930001074,59,20.29,1425,11001,P2,35,5883,5,8,0x0000000000000000
176.375841400004,59,22.14,1432,11001,P2,45,5879,5,8,0x0000000000000000
176.87799639999866,59,21.58,1432,11001,P2,37,5879,5,8,0x0000000000000000
177.37973359999887,59,21.87,1417,9001,P4,41,5879,5,8,0x0000000000000000
177.8849945000111,59,21.64,1417,11001,P2,37,5879,5,8,0x0000000000000000
178.3904096000042,59,22.88,1432,9001,P4,34,5879,5,8,0x0000000000000000
178.89330820000032,59,22.65,1417,11001,P2,37,5879,5,8,0x0000000000000000
179.41018839999742,58,17.40,1402,9001,P4,10,5879,5,8,0x0000000000000000
179.91379310000048,58,11.69,367,9001,P4,2,5879,5,8,0x0000000000000000
180.4160094000108,58,11.68,367,9001,P4,2,5879,5,8,0x0000000000000000
180.91968960000668,58,13.32,390,9001,P4,15,5879,5,8,0x0000000000000000
181.42249230000016,59,21.85,1515,11001,P2,55,5879,5,8,0x0000000000000000
181.93858349999937,59,29.01,1515,11001,P2,57,5879,5,8,0x0000000000000000
182.44012840000505,59,29.14,1515,11001,P2,56,5879,5,8,0x0000000000000000
182.94482000000426,59,29.10,1515,11001,P2,56,5879,5,8,0x0000000000000000
183.44710560000385,59,28.99,1515,11001,P2,54,5879,5,8,0x0000000000000000
183.95204660001036,59,28.98,1515,11001,P2,56,5879,5,8,0x0000000000000000
184.45302939999965,57,24.26,1267,9001,P4,2,5879,5,8,0x0000000000000000
184.96822999999858,57,15.59,397,9001,P4,3,5883,5,8,0x0000000000000000
185.48273610000615,56,11.71,405,9001,P4,3,5883,5,8,0x0000000000000000
185.9886004,57,14.38,585,11001,P2,38,5883,5,8,0x0000000000000000
186.49540330001037,57,18.50,1507,9001,P4,35,5883,5,8,0x0000000000000000
186.99737310000637,57,20.31,1507,9001,P4,27,5878,5,8,0x0000000000000000
187.5004317999992,57,18.59,1500,9001,P4,32,5878,5,8,0x0000000000000000
188.0024298000062,57,19.67,1507,11001,P2,29,5878,5,8,0x0000000000000000
188.50735050000367,58,20.69,1500,11001,P2,31,5878,5,8,0x0000000000000000
189.00938990000577,57,20.30,1515,11001,P2,26,5878,5,8,0x0000000000000000
189.50962000001164,58,20.06,1507,11001,P2,32,5883,5,8,0x0000000000000000
190.01329319999786,58,21.03,1515,11001,P2,29,5883,5,8,0x0000000000000000
190.51757920000819,58,21.11,1507,11001,P2,33,5883,5,8,0x0000000000000000
191.03338240001176,58,21.00,1507,11001,P2,29,5883,5,8,0x0000000000000000
191.5493936999992,58,18.95,1507,11001,P2,25,5883,5,8,0x0000000000000000
192.0532041000115,58,19.99,1507,11001,P2,27,5883,5,8,0x0000000000000000
192.5579013000097,58,20.09,1507,11001,P2,35,5883,5,8,0x0000000000000000
193.06038270000136,58,17.59,1507,11001,P2,28,5883,5,8,0x0000000000000000
193.57502139999997,57,11.66,337,9001,P4,2,5882,5,8,0x0000000000000000
194.08981380000478,57,11.52,247,9001,P4,1,5878,5,8,0x0000000000000000
194.60515240000677,57,11.06,247,9001,P4,1,5878,5,8,0x0000000000000000
195.1069017000118,57,15.08,1267,9001,P4,34,5878,5,8,0x0000000000000000
195.60969230000046,57,18.60,1425,9001,P4,37,5878,5,8,0x0000000000000000
196.11011670000153,57,18.77,1440,9001,P4,35,5878,5,8,0x0000000000000000
196.61152630001015,57,19.09,1417,11001,P2,30,5878,5,8,0x0000000000000000
197.12689820000378,57,18.44,1432,11001,P2,28,5878,5,8,0x0000000000000000
197.63031720000436,57,19.10,1447,11001,P2,29,5878,5,8,0x0000000000000000
198.1318350000074,58,18.92,1432,11001,P2,31,5878,5,8,0x0000000000000000
198.636914600007,58,18.79,1417,11001,P2,31,5878,5,8,0x0000000000000000
199.13828070000454,58,19.22,1440,11001,P2,34,5878,5,8,0x0000000000000000
199.6446350000042,58,19.02,1425,11001,P2,31,5878,5,8,0x0000000000000000
200.14656860000105,58,19.68,1417,11001,P2,33,5878,5,8,0x0000000000000000
200.6514266000013,58,19.33,1432,11001,P2,35,5878,5,8,0x0000000000000000
201.15527790000488,58,18.67,1447,11001,P2,28,5878,5,8,0x0000000000000000
201.65555860000313,58,19.04,1432,11001,P2,37,5878,5,8,0x0000000000000000
202.15663230000064,58,20.37,1432,11001,P2,39,5878,5,8,0x0000000000000000
202.65938700000697,58,20.25,1447,11001,P2,35,5878,5,8,0x0000000000000000
203.16163430000597,58,18.88,1455,9001,P4,35,5878,5,8,0x0000000000000000
203.66235500000766,58,18.64,1417,9001,P4,33,5878,5,8,0x0000000000000000
204.1637505000108,58,18.79,1417,9001,P4,39,5878,5,8,0x0000000000000000
204.66555669999798,58,19.28,1455,11001,P2,29,5878,5,8,0x0000000000000000
205.166693200008,58,19.92,1432,11001,P2,34,5878,5,8,0x0000000000000000
205.67147510001087,58,17.73,1432,11001,P2,29,5883,5,8,0x0000000000000000
206.17560890001187,58,19.02,1410,11001,P2,29,5883,5,8,0x0000000000000000
206.6775087999995,58,11.90,1372,9001,P4,4,5883,5,8,0x0000000000000000
207.1911473000073,57,11.83,315,9001,P4,2,5883,5,8,0x0000000000000000
207.70320980000542,57,11.79,277,9001,P4,3,5883,5,8,0x0000000000000000
208.20561770000495,58,13.99,285,9001,P4,68,5883,5,8,0x0000000000000000
208.7111367000034,58,18.39,1455,11001,P2,42,5883,5,8,0x0000000000000000
209.22640440000396,58,23.33,1462,11001,P2,35,5883,5,8,0x0000000000000000
209.7276753000042,58,25.12,1447,11001,P2,52,5883,5,8,0x0000000000000000
210.23257430001104,58,23.72,1462,11001,P2,42,5883,5,8,0x0000000000000000
210.73562449999736,58,23.09,1477,11001,P2,32,5884,5,8,0x0000000000000000
211.24032989999978,58,22.20,1455,11001,P2,37,5885,5,8,0x0000000000000000
211.74250180000672,59,22.88,1462,11001,P2,36,5885,5,8,0x0000000000000000
212.25794350000797,59,24.33,1470,11001,P2,50,5885,5,8,0x0000000000000000
212.7605881000054,59,22.18,1447,11001,P2,34,5885,5,8,0x0000000000000000
213.26435850000416,59,22.88,1455,11001,P2,38,5885,5,8,0x0000000000000000
213.7793371000007,59,23.81,1455,11001,P2,43,5885,5,8,0x0000000000000000
214.28053119999822,59,24.44,1447,9001,P4,51,5885,5,8,0x0000000000000000
214.79573110000638,59,23.57,1455,11001,P2,36,5880,5,8,0x0000000000000000
215.29672930001107,59,22.38,1455,9001,P4,40,5880,5,8,0x0000000000000000
215.80118619999848,58,15.25,1462,11001,P2,9,5880,5,8,0x0000000000000000
216.311148400011,58,11.55,367,9001,P4,1,5880,5,8,0x0000000000000000
216.8262004999997,58,11.76,367,9001,P4,2,5878,5,8,0x0000000000000000
217.32841680001002,59,11.95,375,9001,P4,1,5878,5,8,0x0000000000000000
217.83109310000145,60,22.92,1500,11001,P2,78,5878,5,8,0x0000000000000000
218.33609969999816,60,34.61,1515,11001,P2,77,5878,5,8,0x0000000000000000
218.8511378000112,60,35.65,1515,11001,P2,72,5878,5,8,0x0000000000000000
219.3550946000032,60,35.51,1515,11001,P2,75,5878,5,8,0x0000000000000000
219.8605411000026,60,35.42,1515,11001,P2,71,5878,5,8,0x0000000000000000
220.36568490001082,58,31.96,1515,11001,P2,2,5881,5,8,0x0000000000000000
220.8814693000022,57,20.30,390,11001,P2,3,5881,5,8,0x0000000000000000
221.39643600001,57,12.03,405,9001,P4,2,5881,5,8,0x0000000000000000
221.9103049999976,57,13.08,412,9001,P2,59,5881,5,8,0x0000000000000000
222.4157445000019,57,16.13,1470,9001,P4,25,5881,5,8,0x0000000000000000
222.9182051000098,57,18.66,1462,9001,P4,33,5881,5,8,0x0000000000000000
223.4216363000014,57,19.76,1462,9001,P4,33,5881,5,8,0x0000000000000000
223.9366747000022,57,22.72,1470,11001,P2,29,5881,5,8,0x0000000000000000
224.4382256000099,57,18.07,1440,11001,P2,24,5881,5,8,0x0000000000000000
224.94338609999977,58,22.14,1477,11001,P2,28,5881,5,8,0x0000000000000000
225.44530440001108,58,19.09,1440,11001,P2,29,5881,5,8,0x0000000000000000
225.95006329999887,58,17.53,1485,11001,P2,22,5881,5,8,0x0000000000000000
226.45565260000876,58,19.99,1462,11001,P2,31,5881,5,8,0x0000000000000000
226.9584845000063,58,19.79,1485,11001,P2,30,5881,5,8,0x0000000000000000
227.46111400000518,58,18.34,1477,11001,P2,25,5881,5,8,0x0000000000000000
227.96519040000567,58,18.94,1462,11001,P2,29,5882,5,8,0x0000000000000000
228.4696197000012,58,18.00,1470,11001,P2,24,5882,5,8,0x0000000000000000
228.97039800000493,58,17.89,1477,11001,P2,25,5882,5,8,0x0000000000000000
229.48584930000652,58,18.34,1470,11001,P2,26,5882,5,8,0x0000000000000000
229.9882498000079,58,18.91,1477,11001,P2,24,5883,5,8,0x0000000000000000
230.4954895999981,58,18.32,1470,11001,P2,24,5883,5,8,0x0000000000000000
231.00130020000506,58,20.09,1462,11001,P2,34,5883,5,8,0x0000000000000000
231.5033814000053,58,21.55,1455,11001,P2,29,5883,5,8,0x0000000000000000
232.01861710000958,58,20.07,1462,11001,P2,31,5883,5,8,0x0000000000000000
232.53295430001162,58,18.18,1462,11001,P2,30,5877,5,8,0x0000000000000000
233.03801070000918,58,18.83,1462,11001,P2,30,5882,5,8,0x0000000000000000
233.5399061000062,58,12.44,1455,11001,P2,2,5882,5,8,0x0000000000000000
234.04304140000022,57,11.70,322,9001,P4,2,5883,5,8,0x0000000000000000
234.5442505000101,57,11.91,292,9001,P4,2,5883,5,8,0x0000000000000000
235.05834329999925,58,12.07,307,9001,P4,54,5883,5,8,0x0000000000000000
235.5623920000071,58,15.79,1252,9001,P4,34,5883,5,8,0x0000000000000000
236.0655781000096,58,19.60,1425,9001,P4,34,5883,5,8,0x0000000000000000
236.57147660000192,58,20.13,1425,9001,P4,45,5882,5,8,0x0000000000000000
237.0774456000072,58,18.27,1402,11001,P4,38,5883,5,8,0x0000000000000000
237.57968000000983,58,20.71,1440,9001,P4,42,5883,5,8,0x0000000000000000
238.08042280000518,58,20.52,1417,9001,P2,41,5883,5,8,0x0000000000000000
238.58323740000196,58,20.36,1402,9001,P4,37,5883,5,8,0x0000000000000000
239.08538810000755,58,21.36,1410,9001,P4,39,5883,5,8,0x0000000000000000
239.58659320000152,58,20.68,1410,9001,P4,44,5883,5,8,0x0000000000000000
240.09154040001158,58,21.08,1395,11001,P2,41,5885,5,8,0x0000000000000000
240.59379949999857,58,21.55,1447,9001,P4,48,5885,5,8,0x0000000000000000
241.10887290000392,58,19.98,1387,9001,P2,41,5885,5,8,0x0000000000000000
241.62443409999833,58,23.82,1402,11001,P2,45,5883,5,8,0x0000000000000000
242.1255463999987,58,20.24,1372,11001,P4,42,5883,5,8,0x0000000000000000
242.639353999999,58,19.95,1387,9001,P4,39,5883,5,8,0x0000000000000000
243.15566540000145,59,20.46,1402,9001,P2,48,5878,5,8,0x0000000000000000
243.66845650000323,59,20.12,1402,9001,P4,44,5878,5,8,0x0000000000000000
244.169326800009,58,19.55,1365,9001,P4,35,5878,5,8,0x0000000000000000
244.67075509999995,58,19.57,1395,11001,P2,32,5882,5,8,0x0000000000000000
245.1856526000047,59,21.33,1402,9001,P4,47,5882,5,8,0x0000000000000000
245.69981689999986,59,20.11,1417,9001,P4,42,5876,5,8,0x0000000000000000
246.21402430000308,59,22.30,1380,9001,P4,47,5876,5,8,0x0000000000000000
246.71705930000462,59,20.96,1417,11001,P2,44,5876,5,8,0x0000000000000000
247.21735580000677,59,18.42,1417,9001,P4,32,5876,5,8,0x0000000000000000
247.7186275999993,58,18.38,1410,9001,P4,3,5876,5,8,0x0000000000000000
248.22068569999828,58,11.74,390,9001,P4,2,5876,5,8,0x0000000000000000
248.73246320000908,58,9.95,367,9001,P4,2,5876,5,8,0x0000000000000000
249.24711240000033,59,11.93,270,9001,P4,60,5872,5,8,0x0000000000000000
249.76120210000954,60,23.80,1515,11001,P2,80,5872,5,8,0x0000000000000004
250.2643734000012,61,36.77,1515,11001,P2,83,5872,5,8,0x0000000000000004
250.7654884000076,61,37.97,1515,11001,P2,80,5868,5,8,0x0000000000000004
251.26744860000326,61,37.91,1515,11001,P2,82,5868,5,8,0x0000000000000004
251.78348680000636,61,37.96,1515,11001,P2,83,5868,5,8,0x0000000000000004
252.2857262000034,61,37.85,1515,11001,P2,81,5873,5,8,0x0000000000000004
252.7866517000075,60,37.73,1515,11001,P2,85,5883,5,8,0x0000000000000004
253.3040478000039,58,30.27,1065,11001,P2,2,5884,5,8,0x0000000000000000
253.81710240000393,57,16.86,397,11001,P2,2,5884,5,8,0x0000000000000000
254.31827620000695,57,12.34,390,11001,P4,2,5884,5,8,0x0000000000000000
254.82311800000025,57,14.53,600,11001,P2,24,5884,5,8,0x0000000000000000
255.32525000000896,58,17.14,1500,9001,P4,27,5884,5,8,0x0000000000000000
255.82969220000086,58,18.62,1492,9001,P4,26,5884,5,8,0x0000000000000000
256.3371948999993,58,18.29,1492,9001,P4,24,5884,5,8,0x0000000000000000
256.8428087000066,58,19.40,1507,11001,P2,27,5884,5,8,0x0000000000000000
257.3476611000078,58,19.14,1485,11001,P2,27,5883,5,8,0x0000000000000000
257.84796470000583,58,19.33,1492,11001,P2,24,5885,5,8,0x0000000000000000
258.3633763000107,58,18.25,1492,11001,P2,23,5886,5,8,0x0000000000000000
258.86831650001113,58,18.65,1485,11001,P2,24,5886,5,8,0x0000000000000000
259.3700555000105,58,18.48,1492,11001,P2,25,5886,5,8,0x0000000000000000
259.88351830000465,58,18.29,1492,11001,P2,23,5884,5,8,0x0000000000000000
260.38890780000656,58,19.25,1492,11001,P2,24,5884,5,8,0x0000000000000000
260.8915219000046,58,19.93,1500,11001,P2,30,5884,5,8,0x0000000000000000
261.394203200005,58,19.54,1507,11001,P2,29,5884,5,8,0x0000000000000000
261.8995805000013,58,18.44,1492,11001,P2,23,5884,5,8,0x0000000000000000
262.40193089999957,58,19.70,1485,11001,P2,29,5884,5,8,0x0000000000000000
262.90555740000855,58,18.86,1492,11001,P2,26,5884,5,8,0x0000000000000000
263.4091514000029,58,19.26,1500,11001,P2,26,5884,5,8,0x0000000000000000
263.91257630000473,58,17.93,1492,11001,P2,21,5884,5,8,0x0000000000000000
264.42832830001134,58,18.20,1492,11001,P2,22,5884,5,8,0x0000000000000000
264.9285643000039,58,18.62,1492,11001,P2,24,5884,5,8,0x0000000000000000
265.43327220001083,58,11.83,1035,9001,P4,2,5884,5,8,0x0000000000000000
265.9473874000105,57,11.73,285,9001,P4,2,5884,5,8,0x0000000000000000
266.46183369999926,57,11.66,240,9001,P4,1,5884,5,8,0x0000000000000000
266.9629634000012,58,13.67,397,9001,P2,39,5880,5,8,0x0000000000000000
267.46459740000137,58,18.44,1500,9001,P4,29,5880,5,8,0x0000000000000000
267.9683035000053,58,20.57,1485,9001,P4,30,5880,5,8,0x0000000000000000
268.47330130000773,58,20.43,1477,9001,P4,34,5880,5,8,0x0000000000000000
268.97567770000023,58,19.31,1485,11001,P2,26,5880,5,8,0x0000000000000000
269.47950670000864,58,18.38,1492,11001,P2,24,5880,5,8,0x0000000000000000
269.98167760000797,58,20.71,1485,11001,P2,30,5880,5,8,0x0000000000000000
270.48352629999863,58,20.77,1485,11001,P2,31,5880,5,8,0x0000000000000000
270.99873350000416,58,21.64,1492,11001,P2,35,5880,5,8,0x0000000000000000
271.51440320000984,58,20.28,1477,11001,P2,28,5880,5,8,0x0000000000000000
272.0205652000004,58,20.34,1500,11001,P2,29,5880,5,8,0x0000000000000000
272.52563410000585,58,19.56,1485,11001,P2,25,5880,5,8,0x0000000000000000
273.0311991000053,58,20.83,1492,11001,P2,31,5880,5,8,0x0000000000000000
273.5362065000081,59,20.73,1492,11001,P2,34,5880,5,8,0x0000000000000000
274.0412942999974,58,18.64,1492,11001,P2,31,5883,5,8,0x0000000000000000
274.55460020000464,58,11.79,367,9001,P4,2,5883,5,8,0x0000000000000000
275.069774100004,57,11.74,292,9001,P4,2,5883,5,8,0x0000000000000000
275.58447820000583,57,11.73,285,9001,P4,2,5883,5,8,0x0000000000000000
276.10027710000577,59,22.06,1282,11001,P2,71,5884,5,8,0x0000000000000000
276.601725600005,59,30.14,1515,11001,P2,64,5884,5,8,0x0000000000000000
277.10475569999835,59,30.75,1515,11001,P2,45,5885,5,8,0x0000000000000000
277.6189155000029,59,29.28,1515,11001,P2,47,5885,5,8,0x0000000000000000
278.132512199998,59,30.92,1515,11001,P2,64,5884,5,8,0x0000000000000000
278.6335459000111,59,31.51,1515,11001,P2,67,5884,5,8,0x0000000000000000
279.1382145000098,57,27.38,1515,11001,P2,3,5884,5,8,0x0000000000000000
279.6515395000024,57,17.56,390,9001,P4,3,5884,5,8,0x0000000000000000
280.15518729999894,56,11.87,405,9001,P4,3,5884,5,8,0x0000000000000000
280.65814050000336,57,14.19,427,11001,P2,44,5885,5,8,0x0000000000000000
281.16098610000336,57,18.93,1455,11001,P4,36,5885,5,8,0x0000000000000000
281.6762544000085,57,21.31,1447,11001,P2,31,5885,5,8,0x0000000000000000
282.1815009999991,57,22.26,1440,9001,P2,40,5885,5,8,0x0000000000000000
282.6836675000086,58,22.00,1447,9001,P4,44,5885,5,8,0x0000000000000000
283.1854449000093,57,20.20,1440,9001,P4,35,5880,5,8,0x0000000000000000
283.68752370000584,58,20.26,1447,9001,P4,33,5880,5,8,0x0000000000000000
284.1885973000026,58,22.97,1447,11001,P4,43,5880,5,8,0x0000000000000000
284.69097480000346,58,20.75,1447,9001,P4,42,5880,5,8,0x0000000000000000
285.19471700000577,58,21.02,1447,9001,P4,39,5880,5,8,0x0000000000000000
285.699552200007,58,20.98,1455,9001,P4,44,5880,5,8,0x0000000000000000
286.2032212000049,58,22.12,1440,9001,P4,41,5880,5,8,0x0000000000000000
286.7030117000104,58,20.62,1455,11001,P2,30,5884,5,8,0x0000000000000000
287.2095229000115,58,22.25,1447,11001,P2,48,5884,5,8,0x0000000000000000
287.7245511000074,58,19.45,1447,9001,P4,38,5882,5,8,0x0000000000000000
288.2410021000105,57,11.85,1455,9001,P4,3,5882,5,8,0x0000000000000000
288.7560405999975,57,11.94,390,9001,P4,3,5882,5,8,0x0000000000000000
289.27008200000273,57,9.98,412,9001,P4,3,5882,5,8,0x0000000000000000
289.785927200006,58,12.31,300,9001,P4,76,5882,5,8,0x0000000000000000
290.3009802000015,59,22.12,1515,11001,P2,63,5882,5,8,0x0000000000000000
290.8164373000036,59,32.42,1515,11001,P2,59,5882,5,8,0x0000000000000000
291.33199500000046,59,32.28,1515,11001,P2,71,5882,5,8,0x0000000000000000
291.84540240000933,59,33.14,1515,11001,P2,66,5882,5,8,0x0000000000000000
292.3465126000083,59,32.72,1515,11001,P2,66,5878,5,8,0x0000000000000000
292.84880310000153,57,29.52,1515,11001,P2,2,5878,5,8,0x0000000000000000
293.3637500000041,56,11.80,367,9001,P4,2,5883,5,8,0x0000000000000000
293.8645802000101,57,14.60,405,9001,P2,65,5883,5,8,0x0000000000000000
294.3653290000075,58,23.85,1515,11001,P2,60,5884,5,8,0x0000000000000000
294.8676274000027,58,29.39,1515,11001,P2,54,5884,5,8,0x0000000000000000
295.3825055000052,58,29.30,1515,11001,P2,58,5885,5,8,0x0000000000000000
295.8845619000058,58,29.86,1515,11001,P2,63,5885,5,8,0x0000000000000000
296.3876605999976,58,30.02,1515,11001,P2,59,5886,5,8,0x0000000000000000
296.89057319999847,58,29.67,1515,11001,P2,57,5886,5,8,0x0000000000000000
297.3916581000085,57,29.20,1515,11001,P2,51,5886,5,8,0x0000000000000000
297.9064281000028,56,20.32,390,9001,P4,2,5886,5,8,0x0000000000000000
298.4105903000018,55,11.74,420,9001,P4,2,5886,5,8,0x0000000000000000
298.92533179999737,56,11.64,405,9001,P4,26,5887,5,8,0x0000000000000000
299.42706870000984,57,18.49,1515,11001,P2,47,5888,5,8,0x0000000000000000
299.92975979999756,57,25.73,1515,11001,P2,47,5888,5,8,0x0000000000000000
300.44365670000843,57,26.39,1515,11001,P2,48,5888,5,8,0x0000000000000000
300.9451531000086,57,26.25,1515,11001,P2,52,5888,5,8,0x0000000000000000
301.4604774000036,56,25.68,1515,11001,P2,42,5888,5,8,0x0000000000000000
301.97535680000146,56,25.83,1515,11001,P2,49,5888,5,8,0x0000000000000000
302.4763845999987,56,25.53,1515,11001,P2,42,5888,5,8,0x0000000000000000
302.9909067999979,55,22.52,1515,11001,P4,2,5888,5,8,0x0000000000000000
303.50557560000743,55,15.73,390,9001,P4,3,5888,5,8,0x0000000000000000
304.01739390000876,54,11.57,405,9001,P4,2,5888,5,8,0x0000000000000000
304.5217918999988,58,16.84,405,11001,P2,100,5888,5,8,0x0000000000000004
305.0224326000025,60,31.67,1567,11001,P2,100,5888,5,8,0x0000000000000004
305.52298249999876,63,49.91,1792,11001,P2,100,5888,5,8,0x0000000000000004
306.0343120000034,66,65.99,2017,11001,P2,100,5889,5,8,0x0000000000000004
306.55053770000814,66,79.54,2295,11001,P2,99,5890,5,8,0x0000000000000004
307.06514540000353,66,80.53,2227,11001,P2,100,5890,5,8,0x0000000000000004
307.5809835000109,66,79.80,2445,11001,P2,100,5890,5,8,0x0000000000000004
308.0955408000009,67,80.25,2250,11001,P2,100,5890,5,8,0x0000000000000004
308.6085144000099,66,79.35,2422,11001,P2,100,5887,5,8,0x0000000000000004
309.1240162000031,68,80.49,2272,11001,P2,100,5887,5,8,0x0000000000000004
309.6389339000016,67,79.55,2400,11001,P2,100,5887,5,8,0x0000000000000004
310.1398973000032,68,80.18,2272,11001,P2,100,5887,5,8,0x0000000000000004
310.6426705000049,63,77.96,2385,11001,P2,97,5887,5,8,0x0000000000000000
311.14449530000275,59,55.49,1807,11001,P2,45,5887,5,8,0x0000000000000000
311.64642400000594,58,28.36,1425,11001,P2,35,5887,5,8,0x0000000000000000
312.1499240999983,58,19.59,1425,11001,P4,36,5887,5,8,0x0000000000000000
312.6649747000047,58,23.80,1425,11001,P2,43,5887,5,8,0x0000000000000000
313.16832730000897,58,23.57,1417,11001,P2,46,5887,5,8,0x0000000000000000
313.68319920000795,58,21.91,1410,11001,P2,37,5881,5,8,0x0000000000000000
314.1863274000061,58,22.56,1425,11001,P4,37,5881,5,8,0x0000000000000000
314.68855190000613,58,21.63,1425,11001,P2,37,5881,5,8,0x0000000000000000
315.19088470000133,58,25.64,1425,11001,P2,51,5885,5,8,0x0000000000000000
315.695858600011,58,22.43,1432,9001,P4,46,5882,5,8,0x0000000000000000
316.2002138000098,58,22.60,1432,11001,P2,44,5882,5,8,0x0000000000000000
316.7058537999983,58,22.35,1425,9001,P4,45,5882,5,8,0x0000000000000000
317.2123709000007,58,22.40,1425,11001,P2,34,5878,5,8,0x0000000000000000
317.7138019999984,58,22.33,1462,11001,P2,38,5878,5,8,0x0000000000000000
318.21493290000944,58,22.06,1425,11001,P4,30,5882,5,8,0x0000000000000000
318.7270722000103,57,11.80,397,9001,P4,3,5883,5,8,0x0000000000000000
319.23185110000486,57,11.77,412,9001,P4,3,5883,5,8,0x0000000000000000
319.735314000005,56,10.91,397,9001,P4,3,5883,5,8,0x0000000000000000
320.2371822999994,57,14.72,1177,11001,P4,30,5883,5,8,0x0000000000000000
320.73922740000125,57,19.22,1477,9001,P4,44,5883,5,8,0x0000000000000000
321.2543822000007,57,19.58,1477,9001,P4,29,5879,5,8,0x0000000000000000
321.75464369999827,58,21.81,1492,9001,P4,39,5879,5,8,0x0000000000000000
322.2553385000065,58,21.16,1477,11001,P2,33,5879,5,8,0x0000000000000000
322.7605895000015,58,20.31,1492,11001,P2,29,5879,5,8,0x0000000000000000
323.2643073000072,58,20.33,1492,11001,P2,29,5879,5,8,0x0000000000000000
323.76876450001146,58,20.09,1500,11001,P2,31,5879,5,8,0x0000000000000000
324.27029010000115,58,21.49,1492,11001,P2,35,5879,5,8,0x0000000000000000
324.77223159999994,58,19.93,1492,11001,P2,28,5879,5,8,0x0000000000000000
325.2872217000113,58,20.15,1477,11001,P2,36,5879,5,8,0x0000000000000000
325.7913421999983,58,20.46,1500,11001,P2,33,5879,5,8,0x0000000000000000
326.2973323000042,58,19.90,1492,11001,P2,29,5883,5,8,0x0000000000000000
326.80080490000546,58,19.52,1500,11001,P2,35,5884,5,8,0x0000000000000000
327.31675180001184,57,12.40,1492,11001,P4,3,5884,5,8,0x0000000000000000
327.830429499998,57,11.90,277,9001,P4,3,5884,5,8,0x0000000000000000
328.3434309000004,57,11.74,277,9001,P4,3,5884,5,8,0x0000000000000000
328.84415830000944,57,12.27,292,9001,P4,83,5884,5,8,0x0000000000000000
329.3476559000119,57,15.26,1440,9001,P4,33,5884,5,8,0x0000000000000000
329.84958940000797,57,18.90,1492,9001,P4,29,5884,5,8,0x0000000000000000
330.3524385000055,57,17.77,1477,9001,P4,26,5879,5,8,0x0000000000000000
330.852727999998,57,17.33,1447,11001,P2,25,5879,5,8,0x0000000000000000
331.3545792000077,57,18.37,1470,11001,P2,25,5879,5,8,0x0000000000000000
331.8555032000004,57,19.15,1470,11001,P2,28,5879,5,8,0x0000000000000000
332.3706382000091,58,18.93,1462,11001,P2,28,5879,5,8,0x0000000000000000
332.87366219999967,58,19.35,1462,11001,P2,28,5879,5,8,0x0000000000000000
333.37531110001146,58,18.86,1462,11001,P2,30,5879,5,8,0x0000000000000000
333.87581189999764,58,18.90,1470,11001,P2,27,5879,5,8,0x0000000000000000
334.3784530999983,58,19.26,1462,11001,P2,31,5879,5,8,0x0000000000000000
334.8805691000016,58,18.67,1470,11001,P2,23,5879,5,8,0x0000000000000000
335.3843040000065,58,18.74,1470,11001,P2,29,5879,5,8,0x0000000000000000
335.8993072000012,58,19.11,1470,11001,P2,30,5879,5,8,0x0000000000000000
336.4036208000034,58,18.11,1462,11001,P2,24,5879,5,8,0x0000000000000000
336.90564150000864,58,18.33,1477,11001,P2,24,5885,5,8,0x0000000000000000
337.4183916000038,58,18.86,1462,11001,P2,29,5885,5,8,0x0000000000000000
337.9206911000074,58,18.85,1470,11001,P2,24,5885,5,8,0x0000000000000000
338.43664060000447,58,18.97,1470,11001,P2,24,5885,5,8,0x0000000000000000
338.942684300011,58,18.72,1470,11001,P2,28,5884,5,8,0x0000000000000000
339.44715770000766,58,18.84,1462,11001,P2,30,5884,5,8,0x0000000000000000
339.9515692999994,57,12.26,1455,11001,P4,2,5885,5,8,0x0000000000000000
340.46191830000316,57,11.70,285,9001,P4,2,5885,5,8,0x0000000000000000
340.97451010000077,57,11.68,270,9001,P4,2,5885,5,8,0x0000000000000000
341.47514750000846,58,12.71,292,9001,P4,85,5885,5,8,0x0000000000000000
341.97540700000536,58,18.24,1425,11001,P2,49,5885,5,8,0x0000000000000000
342.4770583000063,58,21.98,1455,11001,P2,33,5885,5,8,0x0000000000000000
342.9818857000064,58,22.45,1440,11001,P4,38,5883,5,8,0x0000000000000000
343.48730810001143,58,23.08,1447,11001,P2,45,5902,5,8,0x0000000000000000
343.9918830000097,58,22.44,1440,11001,P2,37,5894,5,8,0x0000000000000000
344.494609100002,58,23.05,1455,11001,P2,37,5895,5,8,0x0000000000000000
345.0001396000007,59,24.12,1477,11001,P2,43,5886,5,8,0x0000000000000000
345.5023242000025,59,25.37,1455,11001,P2,49,5886,5,8,0x0000000000000000
346.0051405999984,59,23.12,1440,9001,P2,54,5886,5,8,0x0000000000000000
346.52018690000114,59,23.85,1470,11001,P2,45,5878,5,8,0x0000000000000000
347.0306508000067,59,23.00,1455,11001,P4,40,5893,5,8,0x0000000000000000
347.53767390000576,59,25.87,1440,9001,P4,55,5911,5,8,0x0000000000000000
348.04965440000524,59,23.71,1440,9001,P2,51,5923,5,8,0x0000000000000000
348.54994440000155,59,24.76,1455,11001,P2,46,5915,5,8,0x0000000000000000
349.0535797000048,59,21.77,1447,11001,P4,13,5915,5,8,0x0000000000000000
349.5701158000011,58,11.83,405,9001,P4,3,5915,5,8,0x0000000000000000
350.08290470000065,58,11.86,405,9001,P4,3,5915,5,8,0x0000000000000000
350.5970326000097,58,11.25,427,9001,P4,23,5914,5,8,0x0000000000000000
351.0979503999988,58,15.19,1350,9001,P4,30,5914,5,8,0x0000000000000000
351.60128540000005,58,19.20,1507,9001,P4,30,5914,5,8,0x0000000000000000
352.10298930000863,58,19.76,1492,9001,P4,31,5914,5,8,0x0000000000000000
352.60576990000845,58,17.95,1492,11001,P2,21,5910,5,8,0x0000000000000000
353.11105230000976,58,18.45,1500,11001,P2,24,5900,5,8,0x0000000000000000
353.62686250000843,58,18.31,1492,11001,P2,25,5900,5,8,0x0000000000000000
354.12840650000726,58,18.14,1492,11001,P2,23,5904,5,8,0x0000000000000000
354.62868999999773,58,17.88,1477,11001,P2,21,5904,5,8,0x0000000000000000
355.12939030000416,58,18.26,1485,11001,P2,22,5905,5,8,0x0000000000000000
355.6427304000099,58,19.32,1500,11001,P2,26,5902,5,8,0x0000000000000000
356.1439451000042,58,18.44,1485,11001,P2,25,5892,5,8,0x0000000000000000
356.64744900001097,59,18.92,1485,11001,P2,24,5892,5,8,0x0000000000000000
357.1485170000087,58,18.80,1485,11001,P2,23,5892,5,8,0x0000000000000000
357.6516530000081,58,18.41,1485,11001,P2,25,5893,5,8,0x0000000000000000
358.1538072999974,59,19.50,1500,11001,P2,30,5893,5,8,0x0000000000000000
358.66874069999903,59,18.55,1492,11001,P2,25,5894,5,8,0x0000000000000000
359.17284440000367,59,18.56,1492,11001,P2,26,5894,5,8,0x0000000000000000
359.68721319999895,59,18.17,1485,11001,P2,23,5894,5,8,0x0000000000000000
360.1883250000101,59,17.61,1485,11001,P2,26,5894,5,8,0x0000000000000000
360.7032654000068,59,18.30,1492,11001,P2,23,5894,5,8,0x0000000000000000
361.2075165999995,59,18.46,1492,11001,P2,25,5894,5,8,0x0000000000000000
361.7082674999983,59,21.20,1477,11001,P2,24,5894,5,8,0x0000000000000000
362.2207030999998,58,11.79,352,9001,P4,3,5894,5,8,0x0000000000000000
362.73404630000005,58,11.90,292,9001,P4,4,5894,5,8,0x0000000000000000
363.24852130000363,58,11.77,285,9001,P4,3,5894,5,8,0x0000000000000000
363.75072960001125,58,22.28,1267,11001,P2,39,5894,5,8,0x0000000000000000
364.2530573999975,58,20.31,1417,9001,P4,33,5894,5,8,0x0000000000000000
364.76813490000495,59,20.31,1425,11001,P2,35,5894,5,8,0x0000000000000000
365.2736280000099,59,20.24,1425,11001,P2,38,5894,5,8,0x0000000000000000
365.77602900000056,59,20.25,1432,11001,P2,34,5894,5,8,0x0000000000000000
366.27829159999965,59,20.36,1440,11001,P2,41,5894,5,8,0x0000000000000000
366.7829025000101,59,20.65,1425,9001,P4,46,5894,5,8,0x0000000000000000
367.2841475000023,59,18.81,1417,9001,P4,36,5894,5,8,0x0000000000000000
367.7871904000058,59,20.60,1395,11001,P2,35,5894,5,8,0x0000000000000000
368.2887169000023,59,19.70,1402,9001,P4,34,5892,5,8,0x0000000000000000
368.79380060000403,59,22.14,1402,9001,P4,40,5892,5,8,0x0000000000000000
369.2956381999975,59,18.75,1380,9001,P4,36,5892,5,8,0x0000000000000000
369.8012555000023,59,21.01,1440,9001,P4,47,5893,5,8,0x0000000000000000
370.3030216000043,59,21.78,1387,9001,P4,44,5893,5,8,0x0000000000000000
370.80705470000976,59,21.23,1402,9001,P4,44,5893,5,8,0x0000000000000000
371.3097157000011,59,21.34,1402,11001,P2,43,5893,5,8,0x0000000000000000
371.8249083999981,59,21.08,1395,9001,P4,37,5893,5,8,0x0000000000000000
372.3399114000058,59,20.56,1410,9001,P4,35,5894,5,8,0x0000000000000000
372.8403599000012,59,20.15,1395,9001,P4,37,5894,5,8,0x0000000000000000
373.34214449999854,59,15.19,1417,9001,P4,31,5894,5,8,0x0000000000000000
373.84400900000765,59,20.58,1402,9001,P4,40,5894,5,8,0x0000000000000000
374.3481374999974,59,21.83,1425,9001,P4,38,5894,5,8,0x0000000000000000
374.84946219999983,59,20.38,1417,11001,P2,38,5894,5,8,0x0000000000000000
375.34987950000504,59,20.25,1387,9001,P4,37,5894,5,8,0x0000000000000000
375.8526605000079,59,21.47,1432,11001,P2,42,5895,5,8,0x0000000000000000
376.3645828000008,58,11.77,397,9001,P4,2,5895,5,8,0x0000000000000000
376.8799905000051,58,10.86,375,9001,P4,1,5891,5,8,0x0000000000000000
377.3832861000119,60,18.09,1515,11001,P2,51,5887,5,8,0x0000000000000000
377.8858445000078,59,25.39,1515,11001,P2,45,5887,5,8,0x0000000000000000
378.4000878000079,59,26.69,1515,11001,P2,49,5887,5,8,0x0000000000000000
378.9010679000057,59,26.14,1515,11001,P2,53,5887,5,8,0x0000000000000000
379.40249920000497,59,27.23,1515,11001,P2,63,5892,5,8,0x0000000000000000
379.90495080000255,59,28.48,1515,11001,P2,55,5893,5,8,0x0000000000000000
380.40568820000044,59,28.64,1515,11001,P2,63,5893,5,8,0x0000000000000000
380.92019760000403,59,29.08,1515,11001,P2,64,5893,5,8,0x0000000000000000
381.4223628000036,57,24.10,390,9001,P4,2,5893,5,8,0x0000000000000000
381.9275539000082,57,15.15,397,9001,P4,2,5893,5,8,0x0000000000000000
382.4301673000009,57,11.73,390,9001,P4,2,5893,5,8,0x0000000000000000
382.931854399998,57,13.99,1380,11001,P2,45,5893,5,8,0x0000000000000000
383.4360655000055,57,17.83,1432,9001,P4,32,5893,5,8,0x0000000000000000
383.93789800000377,58,19.49,1470,9001,P4,38,5893,5,8,0x0000000000000000
384.4410085999989,58,20.54,1462,9001,P4,42,5893,5,8,0x0000000000000000
384.943878200007,57,18.37,1425,11001,P2,28,5893,5,8,0x0000000000000000
385.45054840001103,58,21.11,1462,11001,P2,40,5892,5,8,0x0000000000000000
385.9529693000077,58,18.47,1425,11001,P2,34,5888,5,8,0x0000000000000000
386.45570760000555,58,19.06,1455,11001,P2,33,5888,5,8,0x0000000000000000
386.9577929000079,58,18.62,1440,11001,P2,30,5888,5,8,0x0000000000000000
387.46434350000345,58,20.30,1440,11001,P2,33,5888,5,8,0x0000000000000000
387.9669933000114,58,19.45,1455,11001,P2,35,5893,5,8,0x0000000000000000
388.4683775000012,58,19.04,1425,11001,P2,30,5893,5,8,0x0000000000000000
388.97041900000477,58,18.69,1440,11001,P2,27,5892,5,8,0x0000000000000000
389.47397170000477,58,18.88,1440,11001,P2,29,5892,5,8,0x0000000000000000
389.9769614000106,58,17.83,1440,11001,P2,29,5892,5,8,0x0000000000000000
390.48249110000324,58,19.47,1455,11001,P2,31,5892,5,8,0x0000000000000000
390.98459430001094,58,19.12,1440,11001,P2,28,5892,5,8,0x0000000000000000
391.4999547000043,58,21.49,1432,11001,P2,36,5892,5,8,0x0000000000000000
392.01501160000043,58,18.68,1417,11001,P2,30,5895,5,8,0x0000000000000000
392.5170114000066,58,18.41,1417,11001,P2,28,5895,5,8,0x0000000000000000
393.01910590000625,58,19.18,1432,11001,P2,28,5895,5,8,0x0000000000000000
393.52370260001044,58,18.96,1440,11001,P2,30,5895,5,8,0x0000000000000000
394.0277561000112,58,19.27,1440,11001,P2,31,5895,5,8,0x0000000000000000
394.5336781000078,58,11.90,562,9001,P4,2,5895,5,8,0x0000000000000000
395.03628590000153,57,11.69,270,9001,P4,2,5895,5,8,0x0000000000000000
395.5473625000013,57,11.73,292,9001,P4,2,5895,5,8,0x0000000000000000
396.0488700999995,57,12.48,720,11001,P2,78,5895,5,8,0x0000000000000000
396.5638947999978,58,16.76,1402,9001,P4,35,5895,5,8,0x0000000000000000
397.06679430000077,58,19.88,1402,9001,P4,40,5894,5,8,0x0000000000000000
397.5811068000039,58,18.43,1365,9001,P4,38,5894,5,8,0x0000000000000000
398.08718300001055,58,21.63,1432,11001,P2,47,5894,5,8,0x0000000000000000
398.58864810000523,58,19.16,1395,9001,P4,41,5894,5,8,0x0000000000000000
399.09446380000736,58,19.70,1387,11001,P2,42,5894,5,8,0x0000000000000000
399.5967951000057,58,20.13,1387,9001,P4,44,5894,5,8,0x0000000000000000
400.10361900000134,58,20.22,1380,9001,P4,38,5894,5,8,0x0000000000000000
400.6067225000006,58,19.57,1395,9001,P4,40,5894,5,8,0x0000000000000000
401.10756550000224,58,19.76,1395,9001,P4,42,5894,5,8,0x0000000000000000
401.6122672000056,58,18.59,1372,9001,P4,43,5895,5,8,0x0000000000000000
402.11701529999846,58,19.71,1365,9001,P4,38,5885,5,8,0x0000000000000000
402.62005599999975,58,19.35,1380,9001,P4,39,5885,5,8,0x0000000000000000
403.1246439000097,58,19.13,1350,9001,P4,37,5885,5,8,0x0000000000000000
403.6298367999989,58,21.01,1372,11001,P2,41,5885,5,8,0x0000000000000000
404.13311989999784,58,19.72,1365,11001,P2,38,5885,5,8,0x0000000000000000
404.6341068000038,58,20.27,1372,11001,P2,45,5885,5,8,0x0000000000000000
405.1362477000075,58,20.68,1372,11001,P2,44,5885,5,8,0x0000000000000000
405.64089960001,58,20.14,1380,11001,P2,42,5885,5,8,0x0000000000000000
406.15491230000043,58,19.96,1365,9001,P4,39,5885,5,8,0x0000000000000000
406.65596670001105,58,19.48,1365,11001,P2,36,5885,5,8,0x0000000000000000
407.1583188000077,59,20.58,1372,11001,P2,46,5885,5,8,0x0000000000000000
407.6589182000025,59,19.54,1350,11001,P2,38,5885,5,8,0x0000000000000000
408.15986710001016,59,20.95,1350,9001,P4,43,5885,5,8,0x0000000000000000
408.6614794000052,58,12.16,585,9001,P4,3,5885,5,8,0x0000000000000000
409.1621682999976,58,11.81,412,9001,P4,3,5885,5,8,0x0000000000000000
409.6771856999985,58,11.80,405,9001,P4,3,5885,5,8,0x0000000000000000
410.1916027999978,59,16.39,1170,11001,P2,85,5885,5,8,0x0000000000000000
410.70730229999754,60,27.18,1515,11001,P2,80,5886,5,8,0x0000000000000004
411.2226668000076,60,36.15,1515,11001,P2,80,5886,5,8,0x0000000000000000
411.736799899998,60,36.31,1515,11001,P2,79,5887,5,8,0x0000000000000000
412.2482081000053,60,36.11,1515,11001,P2,78,5887,5,8,0x0000000000000000
412.75007550000737,60,35.93,1515,11001,P2,75,5887,5,8,0x0000000000000000
413.2654171000031,60,35.83,1515,11001,P2,78,5884,5,8,0x0000000000000000
413.76739120000275,58,28.14,390,11001,P2,2,5884,5,8,0x0000000000000000
414.28103530000953,57,16.27,405,9001,P4,2,5884,5,8,0x0000000000000000
414.78471340000397,57,11.88,412,9001,P4,2,5884,5,8,0x0000000000000000
415.2888063999999,58,15.09,1402,9001,P4,35,5884,5,8,0x0000000000000000
415.79077790000883,58,18.83,1470,9001,P4,35,5883,5,8,0x0000000000000000
416.29361960000824,58,21.11,1462,9001,P4,34,5879,5,8,0x0000000000000000
416.79727580001054,58,26.03,1440,9001,P4,42,5884,5,8,0x0000000000000000
417.29993550000654,58,21.57,1455,9001,P4,34,5884,5,8,0x0000000000000000
417.80311660000007,58,19.23,1485,11001,P2,33,5884,5,8,0x0000000000000000
418.30365580000216,58,21.74,1447,9001,P4,36,5884,5,8,0x0000000000000000
418.8052929000114,58,21.36,1462,11001,P2,34,5884,5,8,0x0000000000000000
419.32078100000217,58,21.07,1440,9001,P4,34,5885,5,8,0x0000000000000000
419.8225354000024,58,20.88,1447,9001,P4,43,5885,5,8,0x0000000000000000
420.3280692999979,58,21.85,1462,9001,P4,42,5885,5,8,0x0000000000000000
420.8329393000022,58,20.96,1447,9001,P4,35,5885,5,8,0x0000000000000000
421.3340928000107,58,20.92,1462,9001,P4,40,5885,5,8,0x0000000000000000
421.838911800005,58,21.02,1455,9001,P4,38,5885,5,8,0x0000000000000000
422.34402810000756,58,20.84,1440,9001,P4,31,5885,5,8,0x0000000000000000
422.8593644000066,58,11.80,547,9001,P4,2,5885,5,8,0x0000000000000000
423.373227700009,57,11.78,412,9001,P4,2,5885,5,8,0x0000000000000000
423.8884531000076,59,13.79,1087,11001,P2,80,5885,5,8,0x0000000000000000
424.3915782000113,59,24.97,1515,11001,P2,71,5883,5,8,0x0000000000000000
424.9031716000027,59,35.56,1515,11001,P2,71,5879,5,8,0x0000000000000000
425.4074438000098,59,35.57,1515,11001,P2,75,5879,5,8,0x0000000000000000
425.91994279999926,59,35.36,1515,11001,P2,69,5879,5,8,0x0000000000000000
426.4240523000044,58,34.18,1170,11001,P2,29,5879,5,8,0x0000000000000000
426.9275525999983,57,22.54,375,11001,P2,1,5879,5,8,0x0000000000000000
427.4413815000007,56,12.16,367,11001,P2,1,5879,5,8,0x0000000000000000
427.95308459999796,58,13.81,802,11001,P2,62,5879,5,8,0x0000000000000004
428.4674536000093,59,25.87,1515,11001,P2,85,5883,5,8,0x0000000000000004
428.9827355000016,59,38.53,1515,11001,P2,84,5883,5,8,0x0000000000000004
429.4970682999992,59,38.48,1515,11001,P2,84,5883,5,8,0x0000000000000004
430.01303430000553,59,38.37,1515,11001,P2,83,5883,5,8,0x0000000000000004
430.51359930000035,59,38.35,1515,11001,P2,84,5882,5,8,0x0000000000000004
431.0260383999994,59,38.43,1515,11001,P2,85,5878,5,8,0x0000000000000004
431.52707690000534,59,38.36,1515,11001,P2,81,5878,5,8,0x0000000000000000
432.0429933999985,56,27.43,367,11001,P2,1,5878,5,8,0x0000000000000000
432.5566800000088,56,14.34,367,11001,P2,1,5878,5,8,0x0000000000000000
433.0720939000021,56,12.13,367,11001,P2,1,5878,5,8,0x0000000000000000
433.58480140000756,58,21.59,1515,11001,P2,74,5883,5,8,0x0000000000000000
434.08713369999896,58,34.25,1515,11001,P2,72,5884,5,8,0x0000000000000000
434.59576310000557,58,35.62,1515,11001,P2,72,5884,5,8,0x0000000000000000
435.1088602000091,58,35.67,1515,11001,P2,71,5884,5,8,0x0000000000000000
435.6103224000108,58,35.83,1515,11001,P2,72,5884,5,8,0x0000000000000000
436.12183230000664,56,26.75,390,11001,P2,2,5881,5,8,0x0000000000000000
436.632079300005,56,14.04,397,11001,P2,1,5881,5,8,0x0000000000000000
437.1328410999995,55,12.16,382,11001,P2,2,5883,5,8,0x0000000000000000
437.64802469999995,57,17.69,1515,11001,P2,54,5883,5,8,0x0000000000000000
438.16349060001085,57,24.77,1515,11001,P2,55,5883,5,8,0x0000000000000000
438.6638122000004,57,27.68,1515,11001,P2,54,5883,5,8,0x0000000000000000
439.1790275000094,57,27.45,1515,11001,P2,51,5883,5,8,0x0000000000000000
439.68768880001153,57,27.32,1515,11001,P2,54,5883,5,8,0x0000000000000000
440.19170219999796,57,27.49,1515,11001,P2,54,5883,5,8,0x0000000000000000
440.706986300007,56,27.29,1312,11001,P2,39,5883,5,8,0x0000000000000000
441.20833290000155,55,19.35,397,9001,P4,3,5883,5,8,0x0000000000000000
441.7209409000061,55,12.76,412,9001,P4,3,5882,5,8,0x0000000000000000
442.22352580000006,55,11.40,637,9001,P4,24,5881,5,8,0x0000000000000000
442.73885790001077,56,19.18,1515,11001,P2,57,5877,5,8,0x0000000000000000
443.25331110000843,56,28.66,1515,11001,P2,58,5877,5,8,0x0000000000000000
443.76898059999803,56,28.73,1515,11001,P2,54,5877,5,8,0x0000000000000000
444.28543499999796,56,28.74,1515,11001,P2,56,5877,5,8,0x0000000000000000
444.79932190000545,56,28.45,1515,11001,P2,56,5877,5,8,0x0000000000000000
445.315199500008,56,28.73,1515,11001,P2,57,5877,5,8,0x0000000000000000
445.8306236000062,55,25.39,465,9001,P4,2,5877,5,8,0x0000000000000000
446.34402930000215,54,16.59,367,9001,P4,2,5877,5,8,0x0000000000000000
446.8599594999978,54,11.46,367,9001,P4,2,5877,5,8,0x0000000000000000
447.36168909999833,55,12.90,1177,11001,P2,39,5877,5,8,0x0000000000000000
447.86444889999984,55,16.76,1492,9001,P4,40,5881,5,8,0x0000000000000000
448.36846890000743,55,20.04,1485,9001,P4,37,5882,5,8,0x0000000000000000
448.8693842000066,55,19.72,1485,9001,P4,34,5882,5,8,0x0000000000000000
449.37313550000545,55,21.15,1485,11001,P2,31,5891,5,8,0x0000000000000000
449.8787636000052,55,20.53,1485,11001,P2,33,5904,5,8,0x0000000000000000
450.38247240000055,55,16.49,1485,11001,P2,32,5904,5,8,0x0000000000000000
450.88444270000036,55,18.07,1485,11001,P2,23,5903,5,8,0x0000000000000000
451.3997030000028,55,20.11,1470,11001,P2,27,5915,5,8,0x0000000000000000
451.9006348000112,56,20.34,1492,11001,P2,30,5932,5,8,0x0000000000000000
452.4155948000116,56,20.09,1485,11001,P2,27,5926,5,8,0x0000000000000000
452.93031750000955,56,19.87,1507,11001,P2,29,5926,5,8,0x0000000000000000
453.44393580000906,56,20.13,1507,11001,P2,28,5926,5,8,0x0000000000000000
453.94571300000825,56,19.64,1507,11001,P2,24,5918,5,8,0x0000000000000000
454.4469829000009,55,11.74,322,9001,P4,2,5918,5,8,0x0000000000000000
454.9600064000115,55,11.47,240,9001,P4,2,5915,5,8,0x0000000000000000
455.47174170000653,55,11.40,240,9001,P4,2,5915,5,8,0x0000000000000000
